{"eval_loss": 3.7467410564422607, "eval_model_preparation_time": 0.0018, "eval_accuracy": 0.6511628031730652, "eval_runtime": 0.6806, "eval_samples_per_second": 63.177, "eval_steps_per_second": 8.815}