{"eval_loss": 0.8262519836425781, "eval_model_preparation_time": 0.0018, "eval_accuracy": 0.8139534592628479, "eval_runtime": 0.6204, "eval_samples_per_second": 69.305, "eval_steps_per_second": 9.671}