{"eval_loss": 0.9652001261711121, "eval_model_preparation_time": 0.0018, "eval_accuracy": 0.7906976938247681, "eval_runtime": 0.8133, "eval_samples_per_second": 52.872, "eval_steps_per_second": 7.377}