{"eval_loss": 2.306286334991455, "eval_model_preparation_time": 0.0, "eval_accuracy": 0.7541150450706482, "eval_runtime": 10.5944, "eval_samples_per_second": 928.984, "eval_steps_per_second": 116.194}