{"eval_loss": 4.255270004272461, "eval_model_preparation_time": 0.0018, "eval_accuracy": 0.5581395626068115, "eval_runtime": 0.672, "eval_samples_per_second": 63.983, "eval_steps_per_second": 8.928}