{"eval_loss": 0.3818698525428772, "eval_model_preparation_time": 0.0, "eval_accuracy": 0.8926031589508057, "eval_runtime": 10.6255, "eval_samples_per_second": 926.261, "eval_steps_per_second": 115.853}