{"eval_loss": 1.848757028579712, "eval_model_preparation_time": 0.0018, "eval_accuracy": 0.8167039155960083, "eval_runtime": 71.5764, "eval_samples_per_second": 137.503, "eval_steps_per_second": 17.198}