{"eval_loss": 0.45801055431365967, "eval_model_preparation_time": 0.0, "eval_accuracy": 0.8832554221153259, "eval_runtime": 10.5951, "eval_samples_per_second": 928.92, "eval_steps_per_second": 116.186}