{"eval_loss": 0.9652001261711121, "eval_model_preparation_time": 0.0017, "eval_accuracy": 0.7906976938247681, "eval_runtime": 0.5631, "eval_samples_per_second": 76.367, "eval_steps_per_second": 10.656}