{"eval_loss": 4.255270004272461, "eval_model_preparation_time": 0.0017, "eval_accuracy": 0.5581395626068115, "eval_runtime": 0.6475, "eval_samples_per_second": 66.411, "eval_steps_per_second": 9.267}